"","SNP","effect_allele.exposure","other_allele.exposure","eaf.exposure","beta.exposure","se.exposure","pval.exposure","exposure","mr_keep.exposure","pval_origin.exposure","id.exposure","data_source.exposure"
"1","rs340874","C","T",0.526,0.0157,0.002,1.34e-15,"Fasting glucose",TRUE,"reported","GPfZzQ","textfile"
"2","rs780094","C","T",0.61,0.0308,0.0021,1.16e-49,"Fasting glucose",TRUE,"reported","GPfZzQ","textfile"
"3","rs560887","C","T",0.685,0.0689,0.0023,6.56e-190,"Fasting glucose",TRUE,"reported","GPfZzQ","textfile"
"4","rs11715915","C","T",0.668,0.0111,0.0022,2.5e-07,"Fasting glucose",TRUE,"reported","GPfZzQ","textfile"
"5","rs11708067","A","G",0.771,0.0228,0.0024,4.71e-22,"Fasting glucose",TRUE,"reported","GPfZzQ","textfile"
"6","rs11920090","T","A",0.868,0.0266,0.003,1.85e-18,"Fasting glucose",TRUE,"reported","GPfZzQ","textfile"
"7","rs7651090","A","G",0.684,-0.0119,0.0023,2.78e-07,"Fasting glucose",TRUE,"reported","GPfZzQ","textfile"
"8","rs7708285","G","A",0.283,0.0111,0.0025,7.22e-06,"Fasting glucose",TRUE,"reported","GPfZzQ","textfile"
"9","rs4869272","C","T",0.324,-0.0174,0.0021,2.03e-16,"Fasting glucose",TRUE,"reported","GPfZzQ","textfile"
"10","rs17762454","C","T",0.735,-0.01,0.0023,2.02e-05,"Fasting glucose",TRUE,"reported","GPfZzQ","textfile"
"11","rs9368222","C","A",0.708,-0.0135,0.0023,2.99e-09,"Fasting glucose",TRUE,"reported","GPfZzQ","textfile"
"12","rs2191349","G","T",0.478,-0.0269,0.002,3.51e-40,"Fasting glucose",TRUE,"reported","GPfZzQ","textfile"
"13","rs4607517","G","A",0.839,-0.059,0.0028,4.32e-97,"Fasting glucose",TRUE,"reported","GPfZzQ","textfile"
"14","rs6943153","C","T",0.654,-0.0154,0.0021,1.81e-13,"Fasting glucose",TRUE,"reported","GPfZzQ","textfile"
"15","rs983309","G","T",0.864,-0.0293,0.0031,2.09e-21,"Fasting glucose",TRUE,"reported","GPfZzQ","textfile"
"16","rs11558471","A","G",0.671,0.0271,0.0022,5.09e-35,"Fasting glucose",TRUE,"reported","GPfZzQ","textfile"
"17","rs7034200","A","C",0.491,0.0159,0.0021,1.28e-14,"Fasting glucose",TRUE,"reported","GPfZzQ","textfile"
"18","rs10811661","T","C",0.803,0.0218,0.0028,6.71e-15,"Fasting glucose",TRUE,"reported","GPfZzQ","textfile"
"19","rs16913693","T","G",0.947,0.0438,0.0061,5.98e-13,"Fasting glucose",TRUE,"reported","GPfZzQ","textfile"
"20","rs3829109","G","A",0.691,0.0153,0.0026,6.03e-09,"Fasting glucose",TRUE,"reported","GPfZzQ","textfile"
"21","rs10885122","G","T",0.862,0.0273,0.0032,7.09e-18,"Fasting glucose",TRUE,"reported","GPfZzQ","textfile"
"22","rs4506565","A","T",0.694,-0.022,0.0022,7.65e-24,"Fasting glucose",TRUE,"reported","GPfZzQ","textfile"
"23","rs11605924","A","C",0.489,0.023,0.0021,1.18e-26,"Fasting glucose",TRUE,"reported","GPfZzQ","textfile"
"25","rs174550","T","C",0.647,0.0184,0.0021,8.78e-18,"Fasting glucose",TRUE,"reported","GPfZzQ","textfile"
"26","rs11603334","G","A",0.814,0.0199,0.0025,5.52e-15,"Fasting glucose",TRUE,"reported","GPfZzQ","textfile"
"27","rs10830963","C","G",0.697,-0.0768,0.0025,1e-200,"Fasting glucose",TRUE,"reported","GPfZzQ","textfile"
"28","rs2657879","A","G",0.802,-0.011,0.0028,6.73e-05,"Fasting glucose",TRUE,"reported","GPfZzQ","textfile"
"29","rs10747083","A","G",0.661,0.0148,0.0022,5.38e-11,"Fasting glucose",TRUE,"reported","GPfZzQ","textfile"
"30","rs11619319","A","G",0.765,-0.018,0.0024,4.63e-14,"Fasting glucose",TRUE,"reported","GPfZzQ","textfile"
"32","rs3783347","G","T",0.772,0.0168,0.0025,2.31e-11,"Fasting glucose",TRUE,"reported","GPfZzQ","textfile"
"33","rs11071657","A","G",0.63,0.0149,0.0028,9.23e-08,"Fasting glucose",TRUE,"reported","GPfZzQ","textfile"
"35","rs6113722","G","A",0.933,0.0363,0.0052,2.27e-12,"Fasting glucose",TRUE,"reported","GPfZzQ","textfile"
"36","rs6072275","G","A",0.814,-0.0174,0.0027,2.15e-10,"Fasting glucose",TRUE,"reported","GPfZzQ","textfile"
