"","SNP","effect_allele.exposure","other_allele.exposure","effect_allele.outcome","other_allele.outcome","beta.exposure","beta.outcome","eaf.exposure","eaf.outcome","remove","palindromic","ambiguous","id.outcome","pval.outcome","se.outcome","outcome","mr_keep.outcome","pval_origin.outcome","data_source.outcome","se.exposure","pval.exposure","exposure","mr_keep.exposure","pval_origin.exposure","id.exposure","data_source.exposure","action","mr_keep","samplesize.outcome"
"1","rs10747083","A","G","A","G",0.0148,0.048245313,0.661,NA,FALSE,FALSE,FALSE,"8LpKoD",0.1049,0.029769621,"Oral and oropharyngeal cancer",TRUE,"reported","textfile",0.0022,5.38e-11,"Fasting glucose",TRUE,"reported","GPfZzQ","textfile",2,TRUE,NA
"2","rs10811661","T","C","T","C",0.0218,0.012376271,0.803,NA,FALSE,FALSE,FALSE,"8LpKoD",0.7203,0.032948239,"Oral and oropharyngeal cancer",TRUE,"reported","textfile",0.0028,6.71e-15,"Fasting glucose",TRUE,"reported","GPfZzQ","textfile",2,TRUE,NA
"3","rs10830963","C","G","C","G",-0.0768,0.021121497,0.697,NA,FALSE,TRUE,TRUE,"8LpKoD",0.5216,0.032143684,"Oral and oropharyngeal cancer",TRUE,"reported","textfile",0.0025,1e-200,"Fasting glucose",TRUE,"reported","GPfZzQ","textfile",2,FALSE,NA
"4","rs10885122","G","T","G","T",0.0273,0.01242252,0.862,NA,FALSE,FALSE,FALSE,"8LpKoD",0.7516,0.037237524,"Oral and oropharyngeal cancer",TRUE,"reported","textfile",0.0032,7.09e-18,"Fasting glucose",TRUE,"reported","GPfZzQ","textfile",2,TRUE,NA
"5","rs11071657","A","G","A","G",0.0149,0.009848336,0.63,NA,FALSE,FALSE,FALSE,"8LpKoD",0.7232,0.026494022,"Oral and oropharyngeal cancer",TRUE,"reported","textfile",0.0028,9.23e-08,"Fasting glucose",TRUE,"reported","GPfZzQ","textfile",2,TRUE,NA
"6","rs11558471","A","G","A","G",0.0271,-0.048980622,0.671,NA,FALSE,FALSE,FALSE,"8LpKoD",0.09716,0.029551625,"Oral and oropharyngeal cancer",TRUE,"reported","textfile",0.0022,5.09e-35,"Fasting glucose",TRUE,"reported","GPfZzQ","textfile",2,TRUE,NA
"7","rs11603334","G","A","G","A",0.0199,-0.030529205,0.814,NA,FALSE,FALSE,FALSE,"8LpKoD",0.4333,0.038287139,"Oral and oropharyngeal cancer",TRUE,"reported","textfile",0.0025,5.52e-15,"Fasting glucose",TRUE,"reported","GPfZzQ","textfile",2,TRUE,NA
"8","rs11619319","A","G","A","G",-0.018,0.021938908,0.765,NA,FALSE,FALSE,FALSE,"8LpKoD",0.4913,0.031174991,"Oral and oropharyngeal cancer",TRUE,"reported","textfile",0.0024,4.63e-14,"Fasting glucose",TRUE,"reported","GPfZzQ","textfile",2,TRUE,NA
"9","rs11708067","A","G","A","G",0.0228,-0.022250609,0.771,NA,FALSE,FALSE,FALSE,"8LpKoD",0.4909,0.031589853,"Oral and oropharyngeal cancer",TRUE,"reported","textfile",0.0024,4.71e-22,"Fasting glucose",TRUE,"reported","GPfZzQ","textfile",2,TRUE,NA
"10","rs11715915","C","T","C","T",0.0111,0.022654691,0.668,NA,FALSE,FALSE,FALSE,"8LpKoD",0.4343,0.028471244,"Oral and oropharyngeal cancer",TRUE,"reported","textfile",0.0022,2.5e-07,"Fasting glucose",TRUE,"reported","GPfZzQ","textfile",2,TRUE,NA
"11","rs11920090","T","A","T","A",0.0266,-0.028781801,0.868,NA,FALSE,TRUE,TRUE,"8LpKoD",0.4438,0.036902619,"Oral and oropharyngeal cancer",TRUE,"reported","textfile",0.003,1.85e-18,"Fasting glucose",TRUE,"reported","GPfZzQ","textfile",2,FALSE,NA
"12","rs16913693","T","G","T","G",0.0438,0.081210055,0.947,NA,FALSE,FALSE,FALSE,"8LpKoD",0.2581,0.071377812,"Oral and oropharyngeal cancer",TRUE,"reported","textfile",0.0061,5.98e-13,"Fasting glucose",TRUE,"reported","GPfZzQ","textfile",2,TRUE,NA
"13","rs174550","T","C","T","C",0.0184,0.050977555,0.647,NA,FALSE,FALSE,FALSE,"8LpKoD",0.07564,0.028732623,"Oral and oropharyngeal cancer",TRUE,"reported","textfile",0.0021,8.78e-18,"Fasting glucose",TRUE,"reported","GPfZzQ","textfile",2,TRUE,NA
"14","rs17762454","C","T","C","T",-0.01,0.01440323,0.735,NA,FALSE,FALSE,FALSE,"8LpKoD",0.6403,0.029689689,"Oral and oropharyngeal cancer",TRUE,"reported","textfile",0.0023,2.02e-05,"Fasting glucose",TRUE,"reported","GPfZzQ","textfile",2,TRUE,NA
"15","rs2191349","G","T","G","T",-0.0269,0.02306394,0.478,NA,FALSE,FALSE,FALSE,"8LpKoD",0.3849,0.026177379,"Oral and oropharyngeal cancer",TRUE,"reported","textfile",0.002,3.51e-40,"Fasting glucose",TRUE,"reported","GPfZzQ","textfile",2,TRUE,NA
"16","rs2657879","A","G","A","G",-0.011,0.001200721,0.802,NA,FALSE,FALSE,FALSE,"8LpKoD",0.9719,0.030911458,"Oral and oropharyngeal cancer",TRUE,"reported","textfile",0.0028,6.73e-05,"Fasting glucose",TRUE,"reported","GPfZzQ","textfile",2,TRUE,NA
"17","rs340874","C","T","C","T",0.0157,-0.010353412,0.526,NA,FALSE,FALSE,FALSE,"8LpKoD",0.7022,0.025876892,"Oral and oropharyngeal cancer",TRUE,"reported","textfile",0.002,1.34e-15,"Fasting glucose",TRUE,"reported","GPfZzQ","textfile",2,TRUE,NA
"18","rs3783347","G","T","G","T",0.0168,0.003004509,0.772,NA,FALSE,FALSE,FALSE,"8LpKoD",0.928,0.030490519,"Oral and oropharyngeal cancer",TRUE,"reported","textfile",0.0025,2.31e-11,"Fasting glucose",TRUE,"reported","GPfZzQ","textfile",2,TRUE,NA
"19","rs3829109","G","A","G","A",0.0153,0.011870173,0.691,NA,FALSE,FALSE,FALSE,"8LpKoD",0.6969,0.02914373,"Oral and oropharyngeal cancer",TRUE,"reported","textfile",0.0026,6.03e-09,"Fasting glucose",TRUE,"reported","GPfZzQ","textfile",2,TRUE,NA
"20","rs4506565","A","T","A","T",-0.022,0.052135754,0.694,NA,FALSE,TRUE,TRUE,"8LpKoD",0.07113,0.028930752,"Oral and oropharyngeal cancer",TRUE,"reported","textfile",0.0022,7.65e-24,"Fasting glucose",TRUE,"reported","GPfZzQ","textfile",2,FALSE,NA
"21","rs4607517","G","A","G","A",-0.059,0.002302649,0.839,NA,FALSE,FALSE,FALSE,"8LpKoD",0.9476,0.031973148,"Oral and oropharyngeal cancer",TRUE,"reported","textfile",0.0028,4.32e-97,"Fasting glucose",TRUE,"reported","GPfZzQ","textfile",2,TRUE,NA
"22","rs4869272","C","T","C","T",-0.0174,0.005683816,0.324,NA,FALSE,FALSE,FALSE,"8LpKoD",0.8435,0.026888793,"Oral and oropharyngeal cancer",TRUE,"reported","textfile",0.0021,2.03e-16,"Fasting glucose",TRUE,"reported","GPfZzQ","textfile",2,TRUE,NA
"23","rs560887","C","T","C","T",0.0689,0.012376271,0.685,NA,FALSE,FALSE,FALSE,"8LpKoD",0.6814,0.028888055,"Oral and oropharyngeal cancer",TRUE,"reported","textfile",0.0023,6.56e-190,"Fasting glucose",TRUE,"reported","GPfZzQ","textfile",2,TRUE,NA
"24","rs6072275","G","A","G","A",-0.0174,-0.023032699,0.814,NA,FALSE,FALSE,FALSE,"8LpKoD",0.5362,0.036266639,"Oral and oropharyngeal cancer",TRUE,"reported","textfile",0.0027,2.15e-10,"Fasting glucose",TRUE,"reported","GPfZzQ","textfile",2,TRUE,NA
"25","rs6113722","G","A","G","A",0.0363,0.094860281,0.933,NA,FALSE,FALSE,FALSE,"8LpKoD",0.1207,0.061131636,"Oral and oropharyngeal cancer",TRUE,"reported","textfile",0.0052,2.27e-12,"Fasting glucose",TRUE,"reported","GPfZzQ","textfile",2,TRUE,NA
"26","rs6943153","C","T","C","T",-0.0154,-0.018330957,0.654,NA,FALSE,FALSE,FALSE,"8LpKoD",0.5278,0.02830085,"Oral and oropharyngeal cancer",TRUE,"reported","textfile",0.0021,1.81e-13,"Fasting glucose",TRUE,"reported","GPfZzQ","textfile",2,TRUE,NA
"27","rs7651090","A","G","A","G",-0.0119,0.02850236,0.684,NA,FALSE,FALSE,FALSE,"8LpKoD",0.3127,0.027974449,"Oral and oropharyngeal cancer",TRUE,"reported","textfile",0.0023,2.78e-07,"Fasting glucose",TRUE,"reported","GPfZzQ","textfile",2,TRUE,NA
"28","rs7708285","G","A","G","A",0.0111,-0.002995509,0.283,NA,FALSE,FALSE,FALSE,"8LpKoD",0.9216,0.027953471,"Oral and oropharyngeal cancer",TRUE,"reported","textfile",0.0025,7.22e-06,"Fasting glucose",TRUE,"reported","GPfZzQ","textfile",2,TRUE,NA
"29","rs780094","C","T","C","T",0.0308,0.030149977,0.61,NA,FALSE,FALSE,FALSE,"8LpKoD",0.2716,0.027239048,"Oral and oropharyngeal cancer",TRUE,"reported","textfile",0.0021,1.16e-49,"Fasting glucose",TRUE,"reported","GPfZzQ","textfile",2,TRUE,NA
"30","rs9368222","C","A","C","A",-0.0135,0.01572296,0.708,NA,FALSE,FALSE,FALSE,"8LpKoD",0.6037,0.029297887,"Oral and oropharyngeal cancer",TRUE,"reported","textfile",0.0023,2.99e-09,"Fasting glucose",TRUE,"reported","GPfZzQ","textfile",2,TRUE,NA
"31","rs983309","G","T","G","T",-0.0293,0.087736114,0.864,NA,FALSE,FALSE,FALSE,"8LpKoD",0.03938,0.042658962,"Oral and oropharyngeal cancer",TRUE,"reported","textfile",0.0031,2.09e-21,"Fasting glucose",TRUE,"reported","GPfZzQ","textfile",2,TRUE,NA
